Name,Aadhaar,Phone,Voter_ID,Age,Gender,City,State,Booth_Number,Ward_Number,Election_ID,Vote_Status
Arjun Reddy,131072672924,916247398851,VOT1000,80,Male,Surat,Tamil Nadu,81,18,ELEC905,Not Voted
Aditya Shah,590837040040,916721277598,VOT1001,43,Female,Bangalore,Telangana,101,70,ELEC264,Not Voted
Reyansh Mehta,244107703349,919606380011,VOT1002,26,Female,Hyderabad,Gujarat,257,18,ELEC807,Not Voted
Reyansh Gupta,628739999122,919763992612,VOT1003,57,Female,Chennai,Gujarat,282,12,ELEC232,Voted
Riya Reddy,988384542721,919832039254,VOT1004,23,Male,Ahmedabad,Karnataka,88,20,ELEC825,Voted
Aditya Reddy,156349615294,919668469039,VOT1005,52,Female,Surat,Tamil Nadu,194,80,ELEC537,Not Voted
Aditya Mehta,123219327428,919545910964,VOT1006,37,Female,Bangalore,Karnataka,168,46,ELEC357,Voted
Sai Singh,584223236549,919804737954,VOT1007,75,Female,Vadodara,Tamil Nadu,237,4,ELEC776,Not Voted
Vihaan Gupta,446852892434,916646333335,VOT1008,57,Male,Ahmedabad,Telangana,215,100,ELEC112,Voted
Vihaan Iyer,548928589405,917397046883,VOT1009,31,Female,Mumbai,Karnataka,284,97,ELEC104,Not Voted
Riya Singh,489710517039,919127480956,VOT1010,61,Male,Pune,Tamil Nadu,42,1,ELEC138,Voted
Ira Reddy,959380558750,919585055558,VOT1011,50,Female,Hyderabad,Gujarat,231,65,ELEC120,Voted
Riya Patel,251880355260,916922711603,VOT1012,52,Female,Hyderabad,Karnataka,122,65,ELEC460,Voted
Ishaan Patel,684821398588,919860762836,VOT1013,49,Female,Ahmedabad,Maharashtra,259,38,ELEC178,Not Voted
Sai Mehta,642355271136,917414239965,VOT1014,22,Male,Pune,Tamil Nadu,211,9,ELEC833,Not Voted
Riya Patel,544613521257,917649920701,VOT1015,30,Male,Chennai,Tamil Nadu,36,61,ELEC501,Not Voted
Aadhya Verma,875679769722,919076683170,VOT1016,41,Female,Chennai,Maharashtra,142,67,ELEC375,Voted
Anika Gupta,403338922083,918284990392,VOT1017,65,Female,Surat,Maharashtra,250,57,ELEC356,Not Voted
Navya Shah,870212731970,917136456142,VOT1018,49,Female,Vadodara,Maharashtra,240,1,ELEC813,Not Voted
Vihaan Verma,147043243924,919361671337,VOT1019,40,Female,Pune,Tamil Nadu,13,73,ELEC142,Not Voted
Krishna Singh,549360588879,919447080634,VOT1020,19,Male,Chennai,Telangana,115,24,ELEC407,Voted
Ananya Mehta,365980362435,916052383726,VOT1021,38,Female,Hyderabad,Karnataka,130,35,ELEC527,Not Voted
Vivaan Patel,685932665856,919696101396,VOT1022,38,Male,Bangalore,Telangana,235,4,ELEC571,Not Voted
Aarav Nair,155904196072,917614986634,VOT1023,54,Male,Pune,Tamil Nadu,287,68,ELEC864,Voted
Ishaan Reddy,448254565776,916698229129,VOT1024,72,Female,Hyderabad,Tamil Nadu,113,9,ELEC252,Not Voted
Ishaan Shah,230425466164,916401474824,VOT1025,26,Male,Hyderabad,Maharashtra,267,85,ELEC970,Not Voted
Ira Patel,809849681305,916330580466,VOT1026,50,Female,Mumbai,Gujarat,44,99,ELEC833,Not Voted
Vihaan Singh,920051865935,917139702231,VOT1027,18,Female,Surat,Gujarat,194,48,ELEC791,Voted
Arjun Gupta,835661914625,916977653205,VOT1028,38,Male,Mumbai,Tamil Nadu,133,51,ELEC263,Not Voted
Sai Mehta,479733438278,916140035941,VOT1029,37,Female,Mumbai,Maharashtra,182,54,ELEC219,Voted
Shaurya Nair,529089268190,916321152549,VOT1030,38,Female,Ahmedabad,Karnataka,265,10,ELEC767,Voted
Ishaan Joshi,932709041534,919928508678,VOT1031,70,Female,Chennai,Karnataka,119,46,ELEC377,Not Voted
Vivaan Reddy,280597158512,919511317425,VOT1032,56,Female,Hyderabad,Maharashtra,78,86,ELEC524,Voted
Vihaan Patel,673335373350,918870431504,VOT1033,34,Female,Mumbai,Maharashtra,58,83,ELEC299,Not Voted
Ishaan Verma,851658429246,916978316559,VOT1034,42,Female,Ahmedabad,Karnataka,264,73,ELEC848,Voted
Krishna Reddy,393994778858,919688572100,VOT1035,73,Male,Mumbai,Telangana,132,74,ELEC371,Not Voted
Kavya Reddy,286948401466,918787108513,VOT1036,58,Female,Pune,Telangana,77,96,ELEC837,Voted
Vihaan Singh,362703608716,918361363455,VOT1037,66,Male,Surat,Gujarat,33,68,ELEC117,Voted
Vihaan Joshi,719478168854,919198701967,VOT1038,61,Male,Vadodara,Gujarat,52,35,ELEC992,Voted
Ananya Nair,294062443464,917500839028,VOT1039,54,Male,Vadodara,Gujarat,67,32,ELEC837,Voted
Vihaan Nair,943537879476,916518633536,VOT1040,58,Female,Vadodara,Maharashtra,7,1,ELEC527,Not Voted
Myra Nair,516104407396,917336566732,VOT1041,31,Female,Pune,Telangana,144,32,ELEC292,Voted
Vivaan Mehta,463337406039,918365419666,VOT1042,53,Female,Ahmedabad,Karnataka,110,27,ELEC749,Voted
Aadhya Verma,646532068007,916411014816,VOT1043,65,Male,Surat,Maharashtra,268,15,ELEC619,Voted
Vivaan Singh,107674595654,916152566100,VOT1044,38,Male,Bangalore,Tamil Nadu,46,93,ELEC592,Not Voted
Sai Mehta,959646316233,917280066010,VOT1045,67,Female,Surat,Gujarat,247,47,ELEC154,Voted
Ira Shah,820812457899,917750105601,VOT1046,49,Female,Vadodara,Telangana,99,6,ELEC317,Not Voted
Myra Verma,661894495364,918412670236,VOT1047,29,Male,Mumbai,Telangana,182,74,ELEC858,Voted
Vivaan Iyer,712244390852,918731377419,VOT1048,27,Female,Pune,Karnataka,92,73,ELEC123,Not Voted
Ananya Singh,846723023624,916438439239,VOT1049,60,Male,Chennai,Tamil Nadu,118,23,ELEC879,Voted
Ishaan Reddy,381947632509,916293995807,VOT1050,32,Female,Ahmedabad,Telangana,101,75,ELEC105,Voted
Ananya Mehta,525843953244,919230981507,VOT1051,23,Male,Bangalore,Tamil Nadu,167,37,ELEC806,Voted
Kavya Patel,135717485863,919977624973,VOT1052,49,Male,Bangalore,Gujarat,31,12,ELEC658,Voted
Kavya Nair,529890367265,917273219813,VOT1053,37,Female,Mumbai,Telangana,262,88,ELEC677,Voted
Ira Mehta,219000495685,917021738968,VOT1054,71,Female,Bangalore,Karnataka,109,21,ELEC775,Not Voted
Anika Patel,286499362400,917764095500,VOT1055,27,Male,Ahmedabad,Telangana,263,60,ELEC676,Not Voted
Aarav Reddy,334030329193,918874550238,VOT1056,74,Male,Mumbai,Tamil Nadu,271,37,ELEC674,Voted
Vivaan Singh,410548261387,919223990600,VOT1057,32,Male,Mumbai,Tamil Nadu,149,89,ELEC892,Voted
Riya Nair,601850129256,917203335363,VOT1058,45,Male,Hyderabad,Telangana,42,84,ELEC618,Voted
Navya Shah,632182901222,918656781038,VOT1059,38,Female,Mumbai,Tamil Nadu,4,87,ELEC869,Voted
Aarav Iyer,120164588620,919207196501,VOT1060,30,Male,Pune,Maharashtra,194,69,ELEC757,Voted
Diya Iyer,893639946139,919694199144,VOT1061,37,Male,Surat,Gujarat,145,39,ELEC613,Voted
Diya Singh,599271878118,919742216942,VOT1062,54,Female,Hyderabad,Gujarat,59,27,ELEC895,Not Voted
Sai Reddy,255648958985,916728012517,VOT1063,47,Female,Pune,Gujarat,157,95,ELEC591,Not Voted
Ira Verma,788024359820,918187842683,VOT1064,26,Male,Pune,Tamil Nadu,128,74,ELEC433,Not Voted
Krishna Gupta,757229044509,918346925977,VOT1065,34,Male,Surat,Karnataka,109,94,ELEC476,Voted
Ira Mehta,439181019707,917132538331,VOT1066,49,Male,Pune,Tamil Nadu,257,72,ELEC665,Voted
Sai Iyer,813685101215,916492552652,VOT1067,21,Male,Ahmedabad,Telangana,38,17,ELEC457,Not Voted
Navya Patel,738206927068,917278346657,VOT1068,44,Female,Pune,Tamil Nadu,94,28,ELEC923,Voted
Vivaan Verma,303604564858,916181298821,VOT1069,19,Female,Vadodara,Telangana,55,94,ELEC932,Voted
Arjun Joshi,991538788097,919659103844,VOT1070,33,Female,Bangalore,Tamil Nadu,64,77,ELEC718,Not Voted
Vihaan Singh,629484087368,916930469199,VOT1071,36,Male,Surat,Gujarat,133,83,ELEC771,Voted
Vivaan Gupta,323842509443,918803446574,VOT1072,64,Male,Bangalore,Maharashtra,123,60,ELEC640,Voted
Vivaan Gupta,627902167491,918172987139,VOT1073,62,Male,Hyderabad,Karnataka,116,54,ELEC973,Voted
Aarav Mehta,874132668232,916796256454,VOT1074,26,Female,Surat,Telangana,154,42,ELEC915,Voted
Ananya Reddy,783423046256,919452932247,VOT1075,32,Female,Ahmedabad,Karnataka,13,64,ELEC824,Voted
Riya Mehta,135848275369,917007807391,VOT1076,67,Female,Mumbai,Maharashtra,134,37,ELEC947,Not Voted
Shaurya Gupta,364562492305,917319682148,VOT1077,38,Female,Mumbai,Karnataka,172,99,ELEC113,Not Voted
Aarav Mehta,537510473908,917924645537,VOT1078,56,Female,Hyderabad,Gujarat,112,97,ELEC721,Not Voted
Shaurya Gupta,299287458436,918609917535,VOT1079,24,Female,Mumbai,Telangana,55,44,ELEC410,Voted
Myra Joshi,656992968972,919239522038,VOT1080,33,Male,Chennai,Karnataka,161,21,ELEC913,Voted
Kavya Joshi,366112863398,919983641615,VOT1081,66,Female,Ahmedabad,Karnataka,235,72,ELEC118,Voted
Aadhya Singh,966472306156,918799626809,VOT1082,54,Female,Ahmedabad,Tamil Nadu,189,100,ELEC495,Not Voted
Riya Shah,396053890728,919767965016,VOT1083,27,Male,Ahmedabad,Gujarat,186,59,ELEC212,Voted
Ishaan Gupta,972880900743,919397353508,VOT1084,48,Female,Mumbai,Gujarat,221,58,ELEC972,Voted
Vivaan Mehta,192897195416,917063556952,VOT1085,79,Female,Surat,Maharashtra,281,42,ELEC463,Not Voted
Ira Shah,524812657335,916164536099,VOT1086,29,Female,Chennai,Tamil Nadu,78,15,ELEC393,Voted
Vihaan Nair,122044298026,919426991242,VOT1087,67,Female,Mumbai,Gujarat,70,30,ELEC629,Not Voted
Shaurya Singh,755523917628,918070372817,VOT1088,71,Female,Bangalore,Karnataka,195,30,ELEC707,Voted
Shaurya Patel,531957457520,919440094114,VOT1089,22,Female,Chennai,Telangana,50,63,ELEC139,Voted
Reyansh Mehta,183082174093,919161047668,VOT1090,23,Female,Chennai,Telangana,95,76,ELEC290,Voted
Riya Mehta,903220175341,917268187510,VOT1091,29,Female,Ahmedabad,Karnataka,50,67,ELEC553,Not Voted
Riya Verma,984930624663,919677408314,VOT1092,62,Female,Vadodara,Gujarat,127,72,ELEC603,Voted
Arjun Gupta,360099832649,917031264867,VOT1093,60,Male,Pune,Telangana,180,89,ELEC176,Not Voted
Shaurya Gupta,408510267555,916935580962,VOT1094,73,Male,Surat,Karnataka,196,2,ELEC971,Voted
Riya Mehta,651411346460,917522352636,VOT1095,70,Male,Surat,Telangana,244,76,ELEC838,Voted
Reyansh Verma,845421466522,916224469948,VOT1096,68,Male,Ahmedabad,Gujarat,102,34,ELEC539,Not Voted
Myra Iyer,712051111040,918133363437,VOT1097,79,Male,Pune,Telangana,102,100,ELEC594,Not Voted
Shaurya Patel,862000701945,919524419898,VOT1098,73,Male,Bangalore,Maharashtra,32,75,ELEC803,Voted
Anika Joshi,519910556324,917290262430,VOT1099,55,Female,Hyderabad,Gujarat,214,23,ELEC180,Not Voted
Kavya Nair,195876185737,918901238457,VOT1100,46,Female,Pune,Gujarat,132,37,ELEC263,Voted
Aarav Shah,157034223487,917231132775,VOT1101,71,Male,Vadodara,Telangana,169,78,ELEC161,Voted
Riya Joshi,735391126155,919137639219,VOT1102,76,Female,Hyderabad,Gujarat,15,6,ELEC399,Voted
Myra Singh,313000065679,916601625654,VOT1103,65,Male,Pune,Karnataka,19,59,ELEC811,Not Voted
Krishna Reddy,319059497924,918099486548,VOT1104,18,Female,Chennai,Telangana,116,97,ELEC713,Voted
Sai Shah,111327955635,916444762708,VOT1105,74,Male,Bangalore,Telangana,99,36,ELEC864,Not Voted
Kavya Joshi,464686611163,919258462265,VOT1106,66,Male,Chennai,Telangana,165,82,ELEC931,Voted
Aditya Shah,408944086804,918346812198,VOT1107,77,Male,Ahmedabad,Karnataka,109,66,ELEC397,Not Voted
Arjun Verma,306186357989,918567940626,VOT1108,74,Male,Bangalore,Gujarat,285,63,ELEC503,Voted
Myra Reddy,413944981584,916088552401,VOT1109,48,Male,Hyderabad,Maharashtra,57,29,ELEC553,Not Voted
Anika Patel,862144056349,918255085228,VOT1110,66,Female,Bangalore,Maharashtra,287,26,ELEC409,Not Voted
Shaurya Verma,307981395534,917197920386,VOT1111,68,Female,Vadodara,Telangana,148,100,ELEC432,Not Voted
Diya Mehta,215732174131,916623437227,VOT1112,47,Female,Hyderabad,Karnataka,130,2,ELEC149,Not Voted
Aarav Iyer,391511042042,919260584528,VOT1113,22,Male,Pune,Maharashtra,258,1,ELEC558,Not Voted
Reyansh Singh,282563466908,919560848244,VOT1114,42,Female,Mumbai,Telangana,238,48,ELEC409,Voted
Sara Reddy,726836870221,916221897916,VOT1115,68,Female,Pune,Tamil Nadu,3,75,ELEC455,Not Voted
Vivaan Verma,202895016249,918834418713,VOT1116,62,Male,Pune,Tamil Nadu,247,95,ELEC748,Voted
Riya Iyer,324522503390,917825695098,VOT1117,51,Male,Hyderabad,Maharashtra,272,19,ELEC309,Not Voted
Aadhya Verma,544815519384,917507167055,VOT1118,34,Female,Hyderabad,Tamil Nadu,72,59,ELEC198,Not Voted
Aditya Singh,243445206398,917048042327,VOT1119,72,Male,Chennai,Telangana,299,81,ELEC576,Not Voted
Vivaan Verma,663580700901,917012423986,VOT1120,46,Female,Mumbai,Gujarat,5,35,ELEC984,Voted
Sara Shah,624483288098,919809974602,VOT1121,63,Male,Mumbai,Gujarat,204,83,ELEC913,Not Voted
Krishna Iyer,204363119466,917032740818,VOT1122,19,Female,Vadodara,Tamil Nadu,171,43,ELEC207,Voted
Krishna Reddy,340386993674,918166986564,VOT1123,27,Male,Chennai,Tamil Nadu,105,58,ELEC287,Not Voted
Vihaan Shah,933186932829,918438156166,VOT1124,66,Male,Bangalore,Tamil Nadu,6,86,ELEC162,Not Voted
Shaurya Reddy,773887638480,916067063140,VOT1125,51,Female,Mumbai,Gujarat,255,79,ELEC734,Not Voted
Krishna Joshi,474504227617,916705539811,VOT1126,76,Male,Bangalore,Karnataka,11,8,ELEC810,Not Voted
Myra Gupta,978343780567,916155875352,VOT1127,38,Female,Mumbai,Telangana,256,13,ELEC987,Not Voted
Shaurya Gupta,707602197409,919741040238,VOT1128,18,Male,Hyderabad,Tamil Nadu,215,67,ELEC706,Voted
Anika Singh,397128571111,919912499443,VOT1129,40,Female,Mumbai,Gujarat,66,21,ELEC669,Voted
Ananya Gupta,597255102864,919962128007,VOT1130,71,Female,Bangalore,Maharashtra,214,76,ELEC106,Voted
Ishaan Patel,529498499779,916408638800,VOT1131,70,Male,Bangalore,Telangana,217,46,ELEC606,Voted
Aditya Singh,125382976022,917335553717,VOT1132,80,Female,Mumbai,Tamil Nadu,107,54,ELEC317,Voted
Navya Joshi,308180701450,917564938006,VOT1133,71,Male,Hyderabad,Gujarat,155,69,ELEC959,Not Voted
Anika Shah,163967493061,916857511198,VOT1134,65,Male,Bangalore,Maharashtra,277,48,ELEC393,Voted
Sara Nair,201238453917,916179590366,VOT1135,24,Female,Vadodara,Gujarat,8,16,ELEC834,Not Voted
Aadhya Joshi,614582467347,919043367949,VOT1136,62,Female,Hyderabad,Tamil Nadu,297,99,ELEC781,Voted
Arjun Joshi,992301832183,917789885395,VOT1137,31,Female,Pune,Karnataka,97,22,ELEC935,Voted
Ira Shah,315246510384,917558111441,VOT1138,22,Male,Mumbai,Telangana,144,15,ELEC285,Voted
Vihaan Gupta,430354629407,916538519468,VOT1139,24,Male,Ahmedabad,Telangana,71,63,ELEC422,Voted
Reyansh Shah,565786764054,916040082670,VOT1140,80,Female,Hyderabad,Maharashtra,181,46,ELEC106,Not Voted
Riya Gupta,623174520248,919897725144,VOT1141,55,Female,Surat,Karnataka,162,74,ELEC901,Voted
Diya Shah,329502625009,916253590141,VOT1142,58,Female,Chennai,Maharashtra,108,98,ELEC544,Not Voted
Anika Joshi,238805962525,916257196378,VOT1143,47,Female,Vadodara,Maharashtra,229,8,ELEC211,Not Voted
Aarav Gupta,308935822204,919526239065,VOT1144,18,Female,Mumbai,Karnataka,161,64,ELEC574,Not Voted
Sai Nair,476363484922,917816932243,VOT1145,45,Male,Pune,Gujarat,61,60,ELEC688,Voted
Shaurya Iyer,194855118919,919959211051,VOT1146,33,Male,Ahmedabad,Karnataka,55,31,ELEC988,Voted
Arjun Nair,537696752047,919586157060,VOT1147,28,Male,Chennai,Maharashtra,144,6,ELEC781,Voted
Ira Joshi,607568990748,916479978910,VOT1148,64,Male,Hyderabad,Telangana,105,41,ELEC429,Not Voted
Vihaan Singh,699967489649,917986598946,VOT1149,35,Female,Ahmedabad,Tamil Nadu,127,74,ELEC992,Voted
Myra Singh,756393401097,918510642832,VOT1150,73,Male,Pune,Telangana,28,8,ELEC328,Not Voted
Arjun Patel,338220196349,916353644722,VOT1151,19,Male,Bangalore,Telangana,117,62,ELEC853,Not Voted
Sara Joshi,327239644239,919069140370,VOT1152,59,Male,Chennai,Telangana,105,39,ELEC854,Not Voted
Shaurya Verma,694365917689,917240094007,VOT1153,75,Female,Hyderabad,Karnataka,57,56,ELEC945,Not Voted
Aadhya Verma,873873259164,918095255174,VOT1154,51,Female,Mumbai,Gujarat,237,92,ELEC411,Not Voted
Sara Mehta,535368907277,919625315883,VOT1155,36,Female,Surat,Telangana,38,3,ELEC599,Not Voted
Riya Reddy,793092200560,917322152720,VOT1156,65,Male,Bangalore,Gujarat,156,25,ELEC379,Voted
Arjun Joshi,751706252866,918348175240,VOT1157,44,Female,Ahmedabad,Karnataka,240,95,ELEC196,Voted
Myra Iyer,815875495889,917651425082,VOT1158,75,Female,Bangalore,Tamil Nadu,54,20,ELEC412,Not Voted
Diya Nair,964255760501,916657087234,VOT1159,19,Male,Surat,Tamil Nadu,74,46,ELEC805,Not Voted
Vihaan Joshi,194189765943,916227510222,VOT1160,32,Male,Hyderabad,Telangana,230,55,ELEC728,Not Voted
Myra Mehta,404666118519,916032191831,VOT1161,48,Female,Vadodara,Karnataka,80,10,ELEC641,Not Voted
Sara Nair,709786819198,919679147187,VOT1162,29,Female,Hyderabad,Maharashtra,192,4,ELEC749,Voted
Riya Reddy,953949142843,919788466374,VOT1163,61,Male,Mumbai,Maharashtra,216,41,ELEC603,Not Voted
Aadhya Joshi,931500212629,917302198251,VOT1164,70,Female,Bangalore,Maharashtra,201,87,ELEC286,Voted
Diya Joshi,736901503731,917160132023,VOT1165,23,Female,Bangalore,Karnataka,24,94,ELEC992,Voted
Ishaan Iyer,679549287684,919736107237,VOT1166,48,Female,Ahmedabad,Karnataka,93,46,ELEC121,Not Voted
Arjun Iyer,319153005219,919165546029,VOT1167,56,Male,Vadodara,Karnataka,291,43,ELEC603,Not Voted
Kavya Patel,964823510677,919559149865,VOT1168,52,Male,Chennai,Maharashtra,257,87,ELEC856,Voted
Krishna Mehta,544953797467,916451982368,VOT1169,36,Male,Mumbai,Gujarat,133,90,ELEC643,Not Voted
Myra Gupta,687261159644,917728343699,VOT1170,30,Female,Chennai,Maharashtra,2,9,ELEC706,Voted
Aditya Patel,647597068170,917503175327,VOT1171,22,Male,Vadodara,Telangana,254,56,ELEC196,Voted
Vivaan Joshi,915910310117,917574193563,VOT1172,20,Female,Hyderabad,Maharashtra,257,72,ELEC348,Voted
Ishaan Nair,112434315919,919251171065,VOT1173,67,Male,Chennai,Karnataka,27,41,ELEC313,Not Voted
Shaurya Shah,291023558918,918976247886,VOT1174,26,Female,Ahmedabad,Tamil Nadu,36,51,ELEC245,Voted
Aadhya Verma,588986827269,916635520980,VOT1175,23,Female,Chennai,Tamil Nadu,112,43,ELEC497,Voted
Shaurya Shah,202770814724,919463635837,VOT1176,56,Female,Surat,Karnataka,70,93,ELEC827,Voted
Vihaan Patel,626941220317,919506821325,VOT1177,27,Male,Surat,Gujarat,159,89,ELEC769,Voted
Sara Mehta,947944240178,917792075806,VOT1178,80,Male,Hyderabad,Karnataka,181,73,ELEC207,Voted
Anika Gupta,603615702980,916187085696,VOT1179,26,Female,Bangalore,Tamil Nadu,219,95,ELEC218,Voted
Ananya Mehta,249872720510,916597673754,VOT1180,75,Female,Pune,Maharashtra,259,96,ELEC572,Voted
Sai Singh,189589782004,918111469302,VOT1181,19,Female,Hyderabad,Telangana,199,85,ELEC365,Not Voted
Kavya Patel,285979400584,919368431702,VOT1182,62,Female,Mumbai,Karnataka,38,44,ELEC696,Not Voted
Aarav Patel,775082509707,917723586308,VOT1183,24,Male,Surat,Maharashtra,245,79,ELEC611,Voted
Arjun Shah,966764604306,919949366987,VOT1184,48,Female,Chennai,Tamil Nadu,266,3,ELEC426,Voted
Myra Nair,606431098168,919875916067,VOT1185,36,Female,Vadodara,Gujarat,71,69,ELEC716,Not Voted
Ira Singh,263808437914,918669541778,VOT1186,38,Male,Pune,Gujarat,82,27,ELEC654,Voted
Diya Mehta,951475502374,919446861660,VOT1187,33,Female,Pune,Tamil Nadu,185,28,ELEC605,Voted
Shaurya Nair,547830651080,917076146226,VOT1188,40,Male,Bangalore,Telangana,186,32,ELEC804,Voted
Myra Mehta,704062457399,917171719900,VOT1189,21,Female,Chennai,Gujarat,185,47,ELEC697,Not Voted
Shaurya Shah,527852333412,916026365449,VOT1190,21,Male,Pune,Tamil Nadu,75,47,ELEC634,Not Voted
Vivaan Verma,884037191766,918995443486,VOT1191,22,Female,Pune,Telangana,270,26,ELEC230,Not Voted
Ira Gupta,503317621988,917703224278,VOT1192,40,Male,Vadodara,Tamil Nadu,102,48,ELEC383,Voted
Reyansh Patel,927587840610,917377402708,VOT1193,79,Male,Bangalore,Tamil Nadu,274,24,ELEC642,Voted
Sai Iyer,730884009418,916955815471,VOT1194,34,Male,Surat,Karnataka,85,18,ELEC758,Not Voted
Vihaan Nair,168861898555,919749521433,VOT1195,65,Male,Surat,Telangana,15,48,ELEC976,Voted
Sai Singh,941080971613,917364202532,VOT1196,21,Male,Pune,Karnataka,168,44,ELEC352,Voted
Ananya Patel,543882362675,919659109893,VOT1197,45,Male,Pune,Maharashtra,279,39,ELEC928,Not Voted
Reyansh Joshi,113498861766,916043498116,VOT1198,62,Male,Vadodara,Maharashtra,160,61,ELEC974,Voted
Krishna Mehta,304053374521,917568418900,VOT1199,44,Female,Pune,Maharashtra,269,74,ELEC288,Not Voted
Ananya Singh,939812757642,917273350828,VOT1200,70,Male,Hyderabad,Tamil Nadu,265,92,ELEC456,Not Voted
Arjun Verma,678522113818,919117065649,VOT1201,76,Male,Hyderabad,Telangana,90,97,ELEC836,Voted
Aarav Reddy,335292982188,916262067482,VOT1202,64,Male,Ahmedabad,Telangana,56,12,ELEC917,Voted
Shaurya Reddy,330301690451,916833151077,VOT1203,62,Female,Chennai,Gujarat,134,48,ELEC599,Not Voted
Ananya Patel,974241462286,919864221290,VOT1204,77,Female,Bangalore,Telangana,95,18,ELEC925,Voted
Myra Patel,747721060421,916425415641,VOT1205,27,Male,Mumbai,Maharashtra,187,99,ELEC691,Not Voted
Reyansh Iyer,836810296675,918953190412,VOT1206,19,Male,Chennai,Telangana,213,30,ELEC607,Voted
Sara Shah,400210839586,916707165665,VOT1207,30,Male,Vadodara,Gujarat,30,99,ELEC760,Not Voted
Krishna Gupta,735445250020,917801057607,VOT1208,27,Male,Ahmedabad,Maharashtra,274,13,ELEC545,Not Voted
Aadhya Reddy,593022150629,919347150302,VOT1209,27,Female,Ahmedabad,Karnataka,18,21,ELEC313,Not Voted
Sara Nair,456397811326,916119074401,VOT1210,25,Female,Mumbai,Tamil Nadu,295,78,ELEC901,Voted
Kavya Reddy,218956366338,917025729657,VOT1211,25,Female,Ahmedabad,Karnataka,146,21,ELEC112,Voted
Shaurya Gupta,321173585683,917776046000,VOT1212,39,Female,Bangalore,Tamil Nadu,125,90,ELEC383,Not Voted
Aditya Joshi,639653470810,919775383317,VOT1213,45,Male,Chennai,Tamil Nadu,155,27,ELEC975,Voted
Myra Verma,591507741191,916012223803,VOT1214,48,Female,Pune,Karnataka,108,7,ELEC409,Not Voted
Kavya Joshi,252933601422,918915507176,VOT1215,42,Female,Hyderabad,Maharashtra,113,7,ELEC259,Voted
Diya Shah,159583843780,917909274713,VOT1216,55,Male,Chennai,Tamil Nadu,7,62,ELEC180,Voted
Vivaan Reddy,810769116427,919362523203,VOT1217,41,Female,Chennai,Telangana,276,1,ELEC639,Not Voted
Navya Nair,795737836978,919915533922,VOT1218,49,Female,Ahmedabad,Gujarat,257,12,ELEC949,Not Voted
Ishaan Nair,850311797640,918647854646,VOT1219,47,Male,Vadodara,Telangana,35,51,ELEC784,Not Voted
Vivaan Singh,347010434963,916546105127,VOT1220,66,Female,Bangalore,Telangana,83,3,ELEC176,Not Voted
Shaurya Singh,423833414647,919575993514,VOT1221,39,Female,Pune,Telangana,145,15,ELEC737,Voted
Myra Joshi,557555639042,918891359119,VOT1222,57,Male,Vadodara,Tamil Nadu,110,100,ELEC241,Not Voted
Sara Joshi,470934746348,918533804094,VOT1223,67,Female,Ahmedabad,Tamil Nadu,48,83,ELEC789,Not Voted
Anika Shah,727887537766,918467486300,VOT1224,53,Male,Bangalore,Tamil Nadu,296,65,ELEC687,Voted
Aditya Joshi,956420989421,916373070733,VOT1225,26,Female,Surat,Karnataka,216,33,ELEC725,Not Voted
Anika Mehta,331963505815,918737298283,VOT1226,39,Male,Vadodara,Karnataka,264,27,ELEC171,Not Voted
Vivaan Joshi,771398463917,918074164603,VOT1227,65,Male,Vadodara,Gujarat,183,24,ELEC719,Voted
Navya Iyer,289730721993,917379960286,VOT1228,21,Male,Pune,Karnataka,118,60,ELEC203,Voted
Sara Iyer,920734381878,918318047491,VOT1229,32,Female,Surat,Maharashtra,24,64,ELEC806,Not Voted
Vihaan Gupta,915433702315,919144527969,VOT1230,60,Female,Ahmedabad,Telangana,201,58,ELEC124,Voted
Arjun Patel,239236420369,918338950210,VOT1231,75,Male,Surat,Telangana,38,6,ELEC815,Not Voted
Krishna Shah,455883776560,916271594857,VOT1232,41,Female,Ahmedabad,Maharashtra,219,43,ELEC107,Voted
Ishaan Joshi,848357966672,919536373972,VOT1233,65,Female,Hyderabad,Tamil Nadu,66,52,ELEC595,Not Voted
Myra Iyer,919414164193,919931133384,VOT1234,77,Male,Bangalore,Telangana,162,4,ELEC868,Not Voted
Sai Iyer,136368037900,919408746838,VOT1235,43,Male,Bangalore,Tamil Nadu,251,40,ELEC947,Not Voted
Anika Singh,141032662996,917674851101,VOT1236,71,Male,Surat,Karnataka,110,16,ELEC639,Not Voted
Navya Gupta,371972284219,918001214113,VOT1237,27,Male,Pune,Gujarat,105,62,ELEC855,Voted
Krishna Iyer,703588143576,918938351097,VOT1238,26,Female,Bangalore,Tamil Nadu,255,75,ELEC417,Not Voted
Reyansh Shah,550125095817,917346489512,VOT1239,44,Male,Pune,Karnataka,31,64,ELEC728,Not Voted
Aarav Gupta,223340075070,917819953241,VOT1240,39,Male,Surat,Maharashtra,42,89,ELEC595,Voted
Navya Reddy,786959531431,917166463279,VOT1241,49,Male,Surat,Gujarat,213,39,ELEC275,Voted
Shaurya Mehta,104594637170,919594346357,VOT1242,56,Male,Pune,Tamil Nadu,206,10,ELEC703,Voted
Kavya Mehta,198530187232,918389788370,VOT1243,74,Male,Mumbai,Tamil Nadu,182,32,ELEC239,Voted
Anika Shah,646588594325,917157036602,VOT1244,58,Male,Pune,Telangana,43,63,ELEC505,Voted
Arjun Singh,634365031081,918749927564,VOT1245,62,Female,Surat,Karnataka,126,29,ELEC202,Voted
Aarav Verma,174849141355,916217966408,VOT1246,72,Female,Hyderabad,Maharashtra,279,85,ELEC876,Not Voted
Riya Nair,952556794537,919181190271,VOT1247,55,Male,Surat,Karnataka,70,38,ELEC973,Voted
Aarav Verma,630692054808,918213796704,VOT1248,61,Female,Chennai,Telangana,79,18,ELEC756,Not Voted
Arjun Verma,490277019861,916122568644,VOT1249,69,Female,Chennai,Gujarat,295,33,ELEC774,Voted
Ananya Patel,243322418976,916911744618,VOT1250,30,Male,Mumbai,Tamil Nadu,137,99,ELEC632,Voted
Aditya Gupta,789842263451,919999055391,VOT1251,67,Male,Bangalore,Gujarat,152,14,ELEC482,Not Voted
Vivaan Iyer,605601520136,916926344785,VOT1252,61,Female,Vadodara,Telangana,163,25,ELEC351,Voted
Vivaan Joshi,773450220556,919285885158,VOT1253,50,Male,Mumbai,Tamil Nadu,94,28,ELEC821,Voted
Diya Shah,137272773188,917770980184,VOT1254,29,Female,Bangalore,Maharashtra,111,70,ELEC675,Voted
Reyansh Singh,263521230792,918959115804,VOT1255,62,Male,Chennai,Karnataka,285,5,ELEC332,Not Voted
Kavya Joshi,905277373948,918916838141,VOT1256,53,Female,Vadodara,Telangana,212,18,ELEC941,Not Voted
Krishna Gupta,695229030066,916318109772,VOT1257,36,Male,Ahmedabad,Maharashtra,272,70,ELEC817,Voted
Aditya Joshi,382791014289,917353842013,VOT1258,55,Female,Surat,Telangana,142,43,ELEC712,Not Voted
Shaurya Iyer,565680883741,917906843630,VOT1259,23,Male,Bangalore,Gujarat,178,75,ELEC615,Voted
Kavya Singh,946306102635,919031807288,VOT1260,39,Female,Hyderabad,Gujarat,133,49,ELEC263,Not Voted
Riya Gupta,469153700821,919355541867,VOT1261,21,Female,Bangalore,Karnataka,69,41,ELEC287,Voted
Aarav Singh,622153921507,916632645502,VOT1262,50,Male,Mumbai,Karnataka,33,19,ELEC467,Voted
Myra Iyer,825049082120,917013910267,VOT1263,20,Female,Vadodara,Tamil Nadu,77,60,ELEC488,Not Voted
Ananya Verma,358222403298,917623067075,VOT1264,57,Male,Bangalore,Telangana,124,30,ELEC566,Not Voted
Vihaan Mehta,876720799257,919422217036,VOT1265,70,Male,Pune,Telangana,83,62,ELEC410,Not Voted
Riya Singh,298752549136,916803594704,VOT1266,45,Female,Chennai,Karnataka,76,7,ELEC525,Voted
Aditya Verma,321543171370,918480333291,VOT1267,78,Female,Hyderabad,Tamil Nadu,217,86,ELEC820,Voted
Riya Reddy,130955006342,916111430253,VOT1268,46,Female,Mumbai,Karnataka,278,54,ELEC168,Not Voted
Ira Shah,889433252163,917485378562,VOT1269,55,Male,Mumbai,Maharashtra,297,63,ELEC250,Voted
Kavya Patel,375057719148,918874079335,VOT1270,29,Male,Bangalore,Karnataka,6,30,ELEC491,Voted
Krishna Gupta,956578582530,917072127560,VOT1271,42,Female,Vadodara,Gujarat,138,51,ELEC791,Not Voted
Ananya Joshi,578402266585,919012406656,VOT1272,72,Female,Mumbai,Tamil Nadu,110,14,ELEC713,Voted
Aarav Iyer,252081065308,918003670537,VOT1273,79,Male,Hyderabad,Karnataka,283,66,ELEC894,Not Voted
Ishaan Iyer,684487078670,916175527407,VOT1274,39,Female,Chennai,Tamil Nadu,233,56,ELEC495,Voted
Vivaan Verma,651509702025,918974181138,VOT1275,42,Female,Chennai,Maharashtra,249,20,ELEC531,Voted
Vihaan Verma,543446056470,919698122965,VOT1276,48,Female,Ahmedabad,Telangana,16,43,ELEC994,Voted
Riya Nair,293379530588,917481331311,VOT1277,45,Female,Pune,Maharashtra,18,49,ELEC560,Voted
Arjun Verma,776372660177,919257535547,VOT1278,64,Male,Hyderabad,Telangana,162,1,ELEC213,Not Voted
Aadhya Reddy,703344926204,919455914022,VOT1279,73,Male,Surat,Gujarat,14,87,ELEC188,Voted
Navya Reddy,425517189736,918134292322,VOT1280,80,Female,Mumbai,Maharashtra,140,72,ELEC872,Not Voted
Sara Gupta,475599063188,919288687121,VOT1281,24,Female,Ahmedabad,Maharashtra,291,26,ELEC562,Voted
Sara Joshi,253670519444,917291585235,VOT1282,61,Male,Bangalore,Tamil Nadu,176,79,ELEC170,Not Voted
Vihaan Joshi,249601260373,916634261346,VOT1283,19,Male,Pune,Maharashtra,161,68,ELEC592,Voted
Sai Singh,125020754527,916198777672,VOT1284,60,Female,Hyderabad,Telangana,127,11,ELEC736,Not Voted
Diya Mehta,244594151842,917016056434,VOT1285,20,Female,Pune,Tamil Nadu,265,67,ELEC418,Voted
Ira Nair,805788749587,919298939190,VOT1286,79,Female,Mumbai,Karnataka,201,11,ELEC849,Not Voted
Navya Singh,307288758645,918380910558,VOT1287,38,Male,Pune,Karnataka,179,90,ELEC682,Voted
Aadhya Verma,927838045635,916690962398,VOT1288,28,Female,Mumbai,Maharashtra,52,30,ELEC869,Not Voted
Ishaan Mehta,686923444336,916703143796,VOT1289,65,Male,Ahmedabad,Telangana,183,47,ELEC264,Voted
Aditya Gupta,499210394670,919435778595,VOT1290,75,Female,Ahmedabad,Maharashtra,193,29,ELEC759,Voted
Sai Nair,856113962689,919966192365,VOT1291,25,Female,Ahmedabad,Tamil Nadu,252,21,ELEC523,Voted
Diya Nair,792788439967,916526145212,VOT1292,25,Male,Hyderabad,Karnataka,244,33,ELEC586,Not Voted
Shaurya Iyer,271128294478,918282150036,VOT1293,31,Female,Ahmedabad,Tamil Nadu,202,79,ELEC513,Voted
Reyansh Iyer,214909263052,917860802699,VOT1294,42,Female,Mumbai,Maharashtra,249,39,ELEC412,Not Voted
Sara Reddy,840458093470,919173722959,VOT1295,74,Male,Vadodara,Telangana,103,56,ELEC826,Not Voted
Riya Patel,326404900485,918560428201,VOT1296,60,Male,Surat,Telangana,164,61,ELEC980,Not Voted
Reyansh Nair,815591364348,919614813212,VOT1297,34,Male,Bangalore,Karnataka,9,82,ELEC463,Voted
Sara Iyer,165278522451,917676852290,VOT1298,80,Female,Surat,Telangana,230,46,ELEC389,Not Voted
Navya Joshi,457080265391,917089971833,VOT1299,20,Female,Chennai,Gujarat,88,83,ELEC274,Voted
Diya Gupta,989509457475,919988362548,VOT1300,76,Male,Bangalore,Maharashtra,193,36,ELEC927,Voted
Reyansh Mehta,899708163268,918157394114,VOT1301,78,Female,Chennai,Tamil Nadu,254,22,ELEC542,Not Voted
Ananya Patel,275399546694,919216352619,VOT1302,20,Male,Surat,Gujarat,209,66,ELEC761,Voted
Myra Verma,235262799038,917060565329,VOT1303,40,Female,Hyderabad,Karnataka,228,84,ELEC184,Voted
Ira Joshi,320273923726,918373682687,VOT1304,46,Female,Pune,Tamil Nadu,269,67,ELEC733,Voted
Arjun Joshi,169572359231,918887865891,VOT1305,69,Female,Ahmedabad,Karnataka,117,97,ELEC817,Not Voted
Ananya Singh,228924785779,918233364750,VOT1306,21,Male,Pune,Gujarat,43,10,ELEC794,Not Voted
Reyansh Mehta,422281779306,917795918929,VOT1307,72,Female,Ahmedabad,Tamil Nadu,290,70,ELEC476,Not Voted
Ira Verma,506716574457,916371093816,VOT1308,20,Male,Vadodara,Gujarat,106,82,ELEC930,Voted
Reyansh Patel,928065788312,919202027682,VOT1309,74,Male,Surat,Tamil Nadu,10,63,ELEC984,Not Voted
Vivaan Joshi,678770516831,918945786991,VOT1310,68,Male,Mumbai,Gujarat,176,97,ELEC431,Voted
Riya Shah,953647674734,918386808784,VOT1311,79,Female,Bangalore,Gujarat,37,15,ELEC356,Not Voted
Ishaan Joshi,409682477995,917207035323,VOT1312,46,Male,Ahmedabad,Tamil Nadu,64,89,ELEC185,Not Voted
Anika Gupta,719025887147,918554075140,VOT1313,64,Male,Vadodara,Tamil Nadu,51,86,ELEC522,Voted
Diya Iyer,313378880223,918515326061,VOT1314,50,Female,Hyderabad,Karnataka,193,89,ELEC290,Not Voted
Aarav Verma,120816496108,917004707144,VOT1315,76,Female,Chennai,Gujarat,220,46,ELEC667,Not Voted
Vivaan Singh,952037666329,919198849388,VOT1316,51,Female,Ahmedabad,Telangana,8,67,ELEC643,Not Voted
Arjun Nair,128105273580,918932434059,VOT1317,30,Female,Bangalore,Maharashtra,280,41,ELEC226,Not Voted
Kavya Reddy,674777604464,919607694310,VOT1318,79,Female,Pune,Gujarat,136,90,ELEC943,Not Voted
Vivaan Reddy,846991256910,917352565579,VOT1319,28,Female,Chennai,Maharashtra,182,97,ELEC336,Voted
Aadhya Nair,735825741495,918844381071,VOT1320,26,Female,Vadodara,Gujarat,1,18,ELEC314,Not Voted
Ananya Reddy,110408833566,916814522439,VOT1321,34,Female,Hyderabad,Karnataka,219,55,ELEC897,Voted
Aarav Gupta,117270760812,917720809748,VOT1322,47,Male,Vadodara,Maharashtra,292,92,ELEC270,Not Voted
Sara Singh,404512774885,919664431951,VOT1323,64,Male,Surat,Maharashtra,242,64,ELEC420,Voted
Aadhya Iyer,903950196755,917510985191,VOT1324,67,Male,Vadodara,Maharashtra,11,55,ELEC485,Voted
Sai Joshi,253440256443,918505974734,VOT1325,27,Female,Hyderabad,Tamil Nadu,109,29,ELEC865,Not Voted
Myra Verma,969273700361,918872960113,VOT1326,29,Male,Bangalore,Gujarat,62,44,ELEC457,Not Voted
Vihaan Reddy,526522195948,918069988347,VOT1327,70,Female,Chennai,Maharashtra,152,96,ELEC770,Not Voted
Anika Nair,108841862479,919407798351,VOT1328,63,Male,Vadodara,Tamil Nadu,21,94,ELEC718,Not Voted
Ira Shah,589671146425,917467321038,VOT1329,78,Female,Vadodara,Telangana,4,68,ELEC238,Not Voted
Aarav Reddy,713991336885,917718097173,VOT1330,26,Female,Chennai,Gujarat,146,66,ELEC240,Voted
Krishna Verma,877964733934,916867744592,VOT1331,41,Female,Ahmedabad,Gujarat,276,100,ELEC510,Voted
Sara Singh,477020901572,919966786525,VOT1332,49,Male,Hyderabad,Telangana,227,21,ELEC179,Voted
Vivaan Singh,173212407454,916708998319,VOT1333,36,Female,Mumbai,Karnataka,67,66,ELEC112,Not Voted
Ananya Verma,915618961389,918499603857,VOT1334,26,Female,Pune,Karnataka,168,17,ELEC527,Voted
Ananya Iyer,150014573931,918841682692,VOT1335,66,Female,Vadodara,Telangana,261,92,ELEC570,Not Voted
Sai Shah,234040511910,918503137680,VOT1336,23,Male,Chennai,Maharashtra,149,6,ELEC579,Not Voted
Anika Shah,590577182038,918839291744,VOT1337,59,Female,Pune,Tamil Nadu,229,73,ELEC401,Not Voted
Myra Gupta,521300320423,919076001620,VOT1338,37,Male,Ahmedabad,Tamil Nadu,26,55,ELEC629,Not Voted
Ananya Mehta,446541211906,917657351449,VOT1339,46,Female,Vadodara,Karnataka,201,10,ELEC837,Voted
Riya Verma,916250623211,919748141633,VOT1340,69,Male,Vadodara,Maharashtra,185,32,ELEC917,Not Voted
Kavya Verma,503712558085,916109075313,VOT1341,46,Male,Pune,Telangana,65,63,ELEC125,Voted
Riya Patel,205017590148,916399825739,VOT1342,69,Male,Mumbai,Maharashtra,232,21,ELEC476,Voted
Vivaan Mehta,289612066061,917499304817,VOT1343,53,Female,Hyderabad,Maharashtra,81,32,ELEC831,Not Voted
Krishna Joshi,148323814301,916186640161,VOT1344,68,Female,Bangalore,Maharashtra,115,12,ELEC560,Not Voted
Ananya Iyer,913696777699,918250528870,VOT1345,37,Female,Chennai,Karnataka,175,31,ELEC402,Not Voted
Myra Shah,751692500138,918175989099,VOT1346,21,Female,Bangalore,Tamil Nadu,46,64,ELEC837,Voted
Ira Verma,576566241730,916232145526,VOT1347,71,Male,Bangalore,Karnataka,10,52,ELEC582,Not Voted
Ishaan Mehta,576167274301,919614674517,VOT1348,49,Female,Pune,Tamil Nadu,231,95,ELEC430,Not Voted
Vihaan Iyer,956274625447,917692912519,VOT1349,29,Male,Surat,Maharashtra,69,44,ELEC634,Not Voted
Navya Nair,781469353160,917277591339,VOT1350,45,Female,Hyderabad,Karnataka,130,48,ELEC747,Voted
Anika Shah,491824770982,919832980009,VOT1351,71,Male,Mumbai,Telangana,291,61,ELEC802,Not Voted
Vihaan Nair,942231028149,916136810563,VOT1352,78,Female,Pune,Maharashtra,22,8,ELEC174,Not Voted
Sara Patel,412819147759,917723838698,VOT1353,80,Male,Surat,Telangana,87,62,ELEC128,Voted
Aditya Patel,952706792807,919718074915,VOT1354,18,Male,Mumbai,Maharashtra,25,99,ELEC933,Not Voted
Ishaan Reddy,115536239947,917198259288,VOT1355,66,Female,Hyderabad,Tamil Nadu,272,5,ELEC655,Voted
Ira Nair,798132834096,919974653026,VOT1356,66,Male,Vadodara,Gujarat,177,48,ELEC323,Voted
Ishaan Joshi,516196608054,916534517324,VOT1357,67,Female,Pune,Maharashtra,38,70,ELEC385,Not Voted
Diya Singh,915554129889,919365082125,VOT1358,39,Male,Hyderabad,Maharashtra,98,98,ELEC809,Voted
Ira Reddy,673319184747,916327172696,VOT1359,50,Male,Mumbai,Maharashtra,279,79,ELEC677,Voted
Sara Joshi,114628223602,918296348187,VOT1360,79,Male,Ahmedabad,Gujarat,137,33,ELEC365,Not Voted
Aditya Reddy,140001033635,917782467623,VOT1361,49,Male,Mumbai,Gujarat,296,35,ELEC867,Voted
Aarav Shah,623174482473,916564430482,VOT1362,74,Male,Hyderabad,Telangana,6,92,ELEC666,Voted
Aadhya Nair,404633474756,919753147341,VOT1363,51,Female,Hyderabad,Gujarat,116,89,ELEC582,Voted
Krishna Joshi,560279368712,919111244279,VOT1364,80,Male,Ahmedabad,Tamil Nadu,13,18,ELEC476,Voted
Ishaan Patel,618096215665,919891370145,VOT1365,50,Female,Chennai,Gujarat,168,11,ELEC279,Not Voted
Reyansh Gupta,104216912696,918447799788,VOT1366,35,Female,Chennai,Karnataka,29,49,ELEC544,Voted
Reyansh Shah,978246403748,918101105217,VOT1367,40,Male,Hyderabad,Maharashtra,42,85,ELEC429,Not Voted
Vihaan Iyer,462215138041,918747440626,VOT1368,54,Female,Surat,Tamil Nadu,287,90,ELEC578,Voted
Navya Singh,456882861563,919330759765,VOT1369,25,Female,Vadodara,Gujarat,283,78,ELEC752,Voted
Riya Nair,907885811100,919440632750,VOT1370,61,Male,Surat,Maharashtra,273,76,ELEC859,Not Voted
Kavya Verma,978131318578,916490598654,VOT1371,22,Male,Vadodara,Karnataka,42,92,ELEC385,Not Voted
Ananya Reddy,612709387317,916796873566,VOT1372,69,Female,Pune,Karnataka,162,17,ELEC732,Voted
Krishna Iyer,184167220886,919959902043,VOT1373,50,Male,Pune,Gujarat,197,54,ELEC483,Voted
Sai Reddy,269858642657,919503806410,VOT1374,42,Male,Bangalore,Tamil Nadu,33,11,ELEC132,Voted
Ishaan Reddy,410112421134,918518618804,VOT1375,71,Male,Mumbai,Tamil Nadu,257,14,ELEC544,Not Voted
Navya Verma,242198997141,918617541170,VOT1376,48,Male,Surat,Karnataka,104,72,ELEC964,Voted
Krishna Gupta,183131292909,917551478780,VOT1377,24,Male,Surat,Gujarat,223,57,ELEC324,Voted
Vihaan Iyer,209246683783,917213008742,VOT1378,39,Male,Pune,Gujarat,217,73,ELEC280,Not Voted
Vihaan Singh,270129803332,916763475885,VOT1379,50,Male,Chennai,Gujarat,200,99,ELEC497,Not Voted
Ishaan Iyer,290713104259,916007482574,VOT1380,21,Male,Vadodara,Tamil Nadu,287,2,ELEC185,Not Voted
Kavya Patel,229379550482,916997208421,VOT1381,33,Female,Bangalore,Maharashtra,50,58,ELEC376,Not Voted
Sai Singh,564412967560,917556751225,VOT1382,18,Male,Chennai,Karnataka,194,3,ELEC507,Voted
Vihaan Verma,332672133441,919883666856,VOT1383,54,Female,Vadodara,Gujarat,190,89,ELEC859,Voted
Navya Shah,755221586218,918625528591,VOT1384,54,Female,Ahmedabad,Telangana,235,16,ELEC529,Not Voted
Riya Singh,857726449439,918279426987,VOT1385,30,Male,Vadodara,Karnataka,182,28,ELEC236,Not Voted
Ananya Mehta,786474196705,918422049351,VOT1386,68,Male,Mumbai,Telangana,284,57,ELEC150,Voted
Sara Nair,464593819858,918271216757,VOT1387,33,Female,Bangalore,Gujarat,36,43,ELEC548,Voted
Arjun Verma,711259894769,919502120209,VOT1388,29,Male,Mumbai,Tamil Nadu,176,69,ELEC113,Not Voted
Vivaan Mehta,107084102879,918373948858,VOT1389,58,Female,Chennai,Gujarat,290,53,ELEC535,Not Voted
Ira Joshi,650406679315,916202105883,VOT1390,20,Female,Ahmedabad,Telangana,270,51,ELEC729,Voted
Anika Joshi,666726744243,917567272832,VOT1391,67,Female,Surat,Tamil Nadu,217,98,ELEC174,Voted
Sara Iyer,695895080897,918331219345,VOT1392,58,Female,Mumbai,Telangana,51,77,ELEC875,Voted
Reyansh Joshi,950814698282,916454675439,VOT1393,21,Male,Chennai,Maharashtra,96,79,ELEC650,Not Voted
Ishaan Joshi,811514177663,916752593881,VOT1394,66,Male,Surat,Gujarat,270,52,ELEC565,Voted
Arjun Shah,628557050076,917339660712,VOT1395,68,Male,Surat,Maharashtra,74,70,ELEC400,Voted
Ananya Singh,518320558922,916297968391,VOT1396,79,Female,Mumbai,Karnataka,160,4,ELEC773,Voted
Shaurya Singh,235395834881,918870351002,VOT1397,54,Male,Mumbai,Tamil Nadu,163,99,ELEC545,Voted
Anika Gupta,670242978100,917293884003,VOT1398,66,Male,Vadodara,Tamil Nadu,280,11,ELEC865,Not Voted
Shaurya Shah,597878513676,918252415889,VOT1399,28,Female,Surat,Tamil Nadu,167,94,ELEC740,Voted
Aadhya Verma,478069643052,919966661333,VOT1400,23,Male,Hyderabad,Tamil Nadu,69,34,ELEC197,Not Voted
Navya Gupta,577005907135,918974442424,VOT1401,39,Male,Bangalore,Telangana,173,52,ELEC144,Not Voted
Vihaan Patel,737355490185,916092570107,VOT1402,50,Male,Ahmedabad,Tamil Nadu,176,58,ELEC681,Not Voted
Krishna Reddy,993619007500,917857245229,VOT1403,57,Male,Mumbai,Maharashtra,177,81,ELEC621,Voted
Kavya Gupta,272053562244,919548705656,VOT1404,69,Female,Chennai,Telangana,109,71,ELEC602,Voted
Aarav Reddy,805358115086,917881997668,VOT1405,75,Female,Bangalore,Telangana,76,93,ELEC604,Not Voted
Arjun Reddy,516960575031,917970791890,VOT1406,49,Male,Pune,Maharashtra,242,23,ELEC273,Not Voted
Aadhya Gupta,165381399385,917623749520,VOT1407,47,Female,Vadodara,Maharashtra,72,27,ELEC246,Not Voted
Ananya Singh,565702213695,917517701884,VOT1408,54,Male,Hyderabad,Karnataka,142,5,ELEC298,Not Voted
Sara Joshi,403911312384,917829458993,VOT1409,74,Female,Mumbai,Gujarat,163,49,ELEC565,Voted
Ananya Patel,244527146033,918692134150,VOT1410,67,Male,Bangalore,Maharashtra,224,8,ELEC130,Not Voted
Aditya Nair,181406601836,919703513448,VOT1411,61,Male,Vadodara,Maharashtra,268,28,ELEC206,Not Voted
Ishaan Mehta,831921235096,917881867196,VOT1412,26,Male,Bangalore,Tamil Nadu,126,92,ELEC396,Voted
Ishaan Joshi,846256698525,919789235835,VOT1413,32,Female,Mumbai,Karnataka,15,70,ELEC268,Not Voted
Aditya Shah,497662978260,919156672644,VOT1414,28,Male,Hyderabad,Maharashtra,295,5,ELEC249,Voted
Diya Patel,908461606331,916366886688,VOT1415,68,Female,Pune,Maharashtra,277,99,ELEC423,Voted
Krishna Nair,605060488952,916824520171,VOT1416,70,Female,Surat,Maharashtra,108,20,ELEC813,Voted
Vivaan Iyer,720770633861,918630999343,VOT1417,59,Female,Chennai,Maharashtra,247,7,ELEC870,Not Voted
Riya Singh,246463469630,918673860497,VOT1418,44,Female,Pune,Maharashtra,111,41,ELEC550,Not Voted
Riya Patel,390273070584,918342162474,VOT1419,56,Male,Vadodara,Gujarat,156,89,ELEC862,Not Voted
Kavya Mehta,151783013592,919867000942,VOT1420,56,Female,Ahmedabad,Tamil Nadu,197,44,ELEC461,Voted
Anika Patel,442870548699,916609239692,VOT1421,41,Male,Chennai,Maharashtra,94,76,ELEC520,Voted
Sara Singh,293359956196,918603623956,VOT1422,57,Female,Mumbai,Karnataka,113,1,ELEC519,Voted
Ananya Verma,982422644863,916820788849,VOT1423,68,Female,Hyderabad,Karnataka,187,96,ELEC866,Voted
Diya Reddy,203776068180,919053599087,VOT1424,33,Male,Surat,Karnataka,196,97,ELEC140,Not Voted
Arjun Gupta,260195536337,919165542690,VOT1425,49,Male,Mumbai,Tamil Nadu,28,21,ELEC919,Not Voted
Sai Gupta,894456643788,918497545876,VOT1426,34,Male,Ahmedabad,Telangana,103,10,ELEC509,Voted
Aditya Verma,162642553235,916489810373,VOT1427,60,Male,Hyderabad,Tamil Nadu,217,81,ELEC996,Not Voted
Sara Reddy,677980769782,919621944642,VOT1428,33,Male,Ahmedabad,Karnataka,199,74,ELEC848,Voted
Ishaan Singh,645299016704,916328767646,VOT1429,54,Female,Ahmedabad,Tamil Nadu,210,70,ELEC187,Not Voted
Ishaan Joshi,131817142012,916966666868,VOT1430,45,Male,Ahmedabad,Gujarat,275,72,ELEC798,Voted
Arjun Iyer,702179145047,917307890590,VOT1431,28,Female,Surat,Maharashtra,167,3,ELEC504,Voted
Myra Shah,231723567715,919277031508,VOT1432,30,Female,Pune,Telangana,258,15,ELEC150,Voted
Ananya Nair,467877703830,917388248032,VOT1433,76,Male,Vadodara,Karnataka,22,29,ELEC995,Not Voted
Kavya Singh,703985395328,916929075760,VOT1434,24,Female,Hyderabad,Telangana,85,80,ELEC841,Voted
Kavya Singh,900807957513,918100335365,VOT1435,35,Female,Chennai,Karnataka,265,4,ELEC906,Voted
Ira Joshi,777387379286,917586464658,VOT1436,23,Female,Bangalore,Gujarat,151,49,ELEC587,Not Voted
Navya Joshi,607047467416,919967449128,VOT1437,61,Male,Surat,Telangana,167,12,ELEC398,Voted
Arjun Iyer,415243822246,919656846186,VOT1438,19,Male,Mumbai,Gujarat,256,62,ELEC947,Not Voted
Aditya Mehta,696562170223,917493774714,VOT1439,56,Female,Vadodara,Gujarat,288,25,ELEC526,Not Voted
Ananya Patel,988205870313,917872367481,VOT1440,53,Male,Surat,Karnataka,257,32,ELEC551,Not Voted
Vihaan Iyer,468127099341,918076277235,VOT1441,70,Female,Hyderabad,Tamil Nadu,160,58,ELEC610,Not Voted
Arjun Reddy,890549402330,917980595142,VOT1442,62,Male,Vadodara,Gujarat,56,32,ELEC526,Not Voted
Ira Shah,122818955127,916907475092,VOT1443,40,Female,Hyderabad,Maharashtra,71,72,ELEC117,Not Voted
Aarav Mehta,531253256704,918436537805,VOT1444,27,Female,Bangalore,Karnataka,9,78,ELEC354,Not Voted
Arjun Gupta,570070194446,917377987208,VOT1445,66,Male,Surat,Telangana,298,68,ELEC439,Not Voted
Krishna Nair,886379736838,916762405821,VOT1446,30,Male,Pune,Tamil Nadu,182,88,ELEC825,Voted
Aditya Gupta,225158496022,918682797791,VOT1447,37,Male,Surat,Gujarat,250,32,ELEC583,Voted
Arjun Singh,483842718847,917416729117,VOT1448,50,Male,Mumbai,Telangana,102,62,ELEC122,Voted
Arjun Verma,570447084516,917068498679,VOT1449,59,Male,Bangalore,Gujarat,184,71,ELEC309,Voted
Aarav Gupta,995853051943,916151553969,VOT1450,41,Male,Mumbai,Gujarat,40,55,ELEC687,Not Voted
Kavya Patel,503572069690,917110443974,VOT1451,74,Female,Surat,Karnataka,86,6,ELEC963,Voted
Reyansh Singh,843659044201,919667404010,VOT1452,62,Male,Chennai,Telangana,57,30,ELEC742,Not Voted
Vivaan Gupta,984733415859,919945882126,VOT1453,64,Female,Vadodara,Gujarat,141,47,ELEC543,Voted
Reyansh Verma,832546662379,916060903787,VOT1454,25,Male,Mumbai,Telangana,101,55,ELEC124,Not Voted
Anika Gupta,774380015362,919144586400,VOT1455,38,Male,Pune,Karnataka,81,66,ELEC515,Voted
Navya Shah,358267879322,918863104094,VOT1456,27,Male,Mumbai,Gujarat,193,26,ELEC993,Voted
Vihaan Verma,580038707525,919376313616,VOT1457,79,Male,Hyderabad,Karnataka,51,86,ELEC737,Not Voted
Krishna Gupta,803208396436,918576880275,VOT1458,63,Male,Bangalore,Tamil Nadu,236,7,ELEC585,Not Voted
Kavya Shah,497282767137,916787802520,VOT1459,49,Female,Vadodara,Maharashtra,209,88,ELEC335,Voted
Shaurya Iyer,937410947144,917404153518,VOT1460,64,Female,Chennai,Karnataka,223,36,ELEC493,Voted
Riya Reddy,385113695692,919188406983,VOT1461,37,Female,Chennai,Maharashtra,160,34,ELEC556,Voted
Arjun Mehta,113019763401,917652431963,VOT1462,47,Male,Pune,Tamil Nadu,177,97,ELEC360,Not Voted
Arjun Gupta,781396586469,918652593041,VOT1463,71,Male,Mumbai,Tamil Nadu,116,40,ELEC743,Not Voted
Kavya Mehta,190322424010,919147455688,VOT1464,31,Male,Surat,Karnataka,103,7,ELEC153,Not Voted
Anika Gupta,574625519579,917785981691,VOT1465,44,Male,Mumbai,Karnataka,22,70,ELEC884,Not Voted
Riya Singh,516139025799,916316266800,VOT1466,76,Female,Surat,Tamil Nadu,279,44,ELEC686,Voted
Sara Joshi,663695514425,917072171548,VOT1467,56,Female,Hyderabad,Gujarat,287,100,ELEC663,Voted
Vivaan Shah,725568202146,919166127649,VOT1468,74,Female,Chennai,Karnataka,225,96,ELEC384,Voted
Diya Joshi,116705287157,917251781364,VOT1469,58,Female,Chennai,Tamil Nadu,63,2,ELEC103,Not Voted
Sara Singh,602686677841,917811779269,VOT1470,30,Male,Hyderabad,Tamil Nadu,86,100,ELEC602,Voted
Aditya Joshi,957100949140,916890126732,VOT1471,57,Male,Vadodara,Karnataka,57,46,ELEC443,Voted
Aarav Shah,990561156899,919437111993,VOT1472,18,Female,Bangalore,Gujarat,243,2,ELEC409,Not Voted
Aarav Joshi,523133208289,918476076956,VOT1473,44,Female,Ahmedabad,Gujarat,8,31,ELEC698,Voted
Sara Iyer,521264012339,917813741838,VOT1474,53,Female,Surat,Telangana,146,83,ELEC258,Voted
Aarav Shah,139936723824,917332362107,VOT1475,57,Female,Mumbai,Maharashtra,291,69,ELEC346,Not Voted
Sara Joshi,412703749477,918178030939,VOT1476,47,Female,Ahmedabad,Gujarat,247,53,ELEC477,Not Voted
Sai Verma,347611976285,917666995345,VOT1477,48,Male,Vadodara,Maharashtra,278,89,ELEC918,Not Voted
Shaurya Verma,740384155618,916305144680,VOT1478,32,Female,Pune,Maharashtra,221,1,ELEC964,Voted
Ananya Mehta,146065886596,918896860288,VOT1479,79,Female,Mumbai,Karnataka,114,16,ELEC839,Voted
Diya Reddy,801946809318,919388387215,VOT1480,61,Male,Mumbai,Tamil Nadu,261,65,ELEC234,Not Voted
Kavya Gupta,721022398054,918457675935,VOT1481,62,Female,Pune,Gujarat,270,23,ELEC169,Not Voted
Aadhya Gupta,855093424742,919975898992,VOT1482,77,Female,Surat,Gujarat,37,67,ELEC129,Voted
Vihaan Verma,797590142613,916576553246,VOT1483,62,Male,Ahmedabad,Telangana,289,30,ELEC839,Voted
Kavya Verma,442253108493,916259203118,VOT1484,33,Male,Ahmedabad,Karnataka,31,56,ELEC865,Not Voted
Kavya Shah,289000371113,918613264014,VOT1485,18,Male,Bangalore,Telangana,38,30,ELEC468,Not Voted
Reyansh Patel,802699105167,919027908201,VOT1486,55,Female,Mumbai,Telangana,197,76,ELEC165,Voted
Myra Iyer,927122570063,917720521356,VOT1487,54,Female,Vadodara,Karnataka,26,79,ELEC615,Not Voted
Aadhya Iyer,341248006545,917523008888,VOT1488,79,Male,Mumbai,Gujarat,40,66,ELEC507,Not Voted
Arjun Verma,775627434940,919897986643,VOT1489,42,Female,Ahmedabad,Maharashtra,91,69,ELEC235,Voted
Diya Verma,613923790374,917482376120,VOT1490,26,Male,Ahmedabad,Telangana,126,77,ELEC808,Voted
Ira Shah,956420421865,918439734505,VOT1491,30,Female,Vadodara,Tamil Nadu,115,5,ELEC432,Not Voted
Reyansh Mehta,696365735519,916503886934,VOT1492,20,Male,Hyderabad,Tamil Nadu,101,9,ELEC173,Not Voted
Aarav Gupta,969530143828,919003677228,VOT1493,52,Female,Surat,Maharashtra,296,49,ELEC710,Voted
Aadhya Shah,676482803742,918328123137,VOT1494,54,Male,Surat,Maharashtra,172,48,ELEC697,Not Voted
Myra Iyer,535195436447,919121272390,VOT1495,60,Female,Vadodara,Gujarat,237,74,ELEC896,Not Voted
Diya Nair,709109819767,916149525440,VOT1496,55,Female,Ahmedabad,Karnataka,124,91,ELEC343,Not Voted
Arjun Shah,602180002497,919303290648,VOT1497,18,Male,Mumbai,Maharashtra,144,78,ELEC448,Voted
Navya Singh,231152547813,916744781050,VOT1498,24,Female,Vadodara,Tamil Nadu,202,63,ELEC896,Not Voted
Aditya Reddy,192870698921,916187735328,VOT1499,47,Female,Chennai,Karnataka,109,20,ELEC520,Voted
Sai Verma,745373498856,918665492966,VOT1500,46,Male,Bangalore,Telangana,44,74,ELEC838,Voted
Riya Reddy,556773297288,919144703938,VOT1501,28,Male,Bangalore,Maharashtra,174,40,ELEC480,Voted
Ananya Patel,565597523215,916283913431,VOT1502,62,Female,Ahmedabad,Tamil Nadu,257,62,ELEC784,Voted
Aadhya Nair,783554221959,917241211821,VOT1503,53,Male,Hyderabad,Gujarat,244,97,ELEC927,Voted
Arjun Gupta,262879407614,917758757328,VOT1504,19,Male,Hyderabad,Gujarat,18,51,ELEC820,Not Voted
Riya Nair,770770353341,916227699155,VOT1505,64,Female,Pune,Tamil Nadu,280,78,ELEC669,Voted
Aditya Iyer,912451470769,916678020895,VOT1506,66,Female,Chennai,Maharashtra,162,67,ELEC894,Not Voted
Aditya Gupta,714856900781,916520950543,VOT1507,44,Female,Hyderabad,Maharashtra,162,39,ELEC780,Voted
Shaurya Gupta,504415992837,917948939061,VOT1508,39,Female,Surat,Maharashtra,283,13,ELEC674,Voted
Aditya Reddy,481476118301,919768882561,VOT1509,57,Female,Hyderabad,Karnataka,83,19,ELEC461,Not Voted
Aditya Singh,645167882319,919104759760,VOT1510,67,Male,Ahmedabad,Tamil Nadu,158,56,ELEC462,Voted
Diya Joshi,179704573209,916511973788,VOT1511,30,Male,Bangalore,Telangana,142,33,ELEC804,Voted
Aadhya Mehta,920556580128,918332741546,VOT1512,29,Female,Pune,Maharashtra,180,88,ELEC693,Voted
Aarav Nair,708204637926,916054044536,VOT1513,58,Female,Pune,Telangana,125,18,ELEC512,Voted
Aadhya Shah,587755568729,917715362745,VOT1514,20,Male,Pune,Karnataka,109,77,ELEC847,Not Voted
Riya Iyer,839365730549,918540627824,VOT1515,52,Female,Chennai,Karnataka,88,1,ELEC641,Not Voted
Navya Patel,454587110547,916888034607,VOT1516,60,Female,Hyderabad,Karnataka,133,46,ELEC111,Not Voted
Navya Gupta,935418352587,916108333675,VOT1517,21,Male,Mumbai,Gujarat,297,28,ELEC155,Not Voted
Kavya Shah,522580467047,918013527150,VOT1518,40,Male,Chennai,Tamil Nadu,17,23,ELEC849,Voted
Anika Patel,319441531085,918032500663,VOT1519,55,Male,Surat,Maharashtra,226,63,ELEC630,Voted
